{"0x4b5d9c3346ffee554a77a6af59a6bd771fd8b0016647e755b73f6113e3a0721e": {"txHash": "0x4b5d9c3346ffee554a77a6af59a6bd771fd8b0016647e755b73f6113e3a0721e", "block": 25256119, "timestamp": 1780722107, "winner": "0xbd32122bad41a09f2405bb374a83877d8245079c", "gross_usd": 922100.2132146433, "stress": true, "window_gross": 2053427.492310388, "bid_usd": 415207.18696990353, "gas_usd": 0.2543111802637526, "legs": [{"coll": "0xc02aaa39b223fe8d0a0e5c4f27ead9083c756cc2", "debt": "0xdac17f958d2ee523a2206206994597c13d831ec7", "route": ["0xc02aaa39b223fe8d0a0e5c4f27ead9083c756cc2", "0xa0b86991c6218b36c1d19d4a2e9eb0ce3606eb48", "0xdac17f958d2ee523a2206206994597c13d831ec7"], "out_raw": 6886207608246, "proceeds_usd": 6881525.124796544}], "proceeds_usd": 6881525.124796544, "debt_usd": 20491115.849214356, "no_route": false, "ref_proceeds_usd": 21188091.237656977, "coll_oracle_usd": 21552241.75782899, "realized_net": -14024798.165698897, "margin_pct": -15.209624685808691, "ref_net": 281767.9471615369, "ref_margin_pct": 0.30557193580861686, "price_impact": 0.6752173167648905}, "0xefe08cc929867c64635863c0f38116c03e9ea23227ed09af6b9e5b9be578cd8f": {"txHash": "0xefe08cc929867c64635863c0f38116c03e9ea23227ed09af6b9e5b9be578cd8f", "block": 23549939, "timestamp": 1760130851, "winner": "0x0c0435519ac226010638a61fd1d1bc652b5434de", "gross_usd": 505994.5874781199, "stress": true, "window_gross": 975385.5988124597, "bid_usd": 382213.58197770704, "gas_usd": 46.29196219703472, "legs": [{"coll": "0x2260fac5e5542a773aa44fbcfedf7c193bc2c599", "debt": "0xdac17f958d2ee523a2206206994597c13d831ec7", "route": ["0x2260fac5e5542a773aa44fbcfedf7c193bc2c599", "0xa0b86991c6218b36c1d19d4a2e9eb0ce3606eb48", "0xdac17f958d2ee523a2206206994597c13d831ec7"], "out_raw": 8545915013582, "proceeds_usd": 8548085.67599545}], "proceeds_usd": 8548085.67599545, "debt_usd": 11244324.184364224, "no_route": false, "ref_proceeds_usd": 12055866.405228162, "coll_oracle_usd": 12181308.908474838, "realized_net": -3078498.3823086773, "margin_pct": -6.084053977043375, "ref_net": 429282.34692403424, "ref_margin_pct": 0.8483931598232702, "price_impact": 0.2909604844087791}, "0x1d743b1a13157520bbbf6719ad1c4f57038cb62259e8855ea5eb72ccd92e7549": {"txHash": "0x1d743b1a13157520bbbf6719ad1c4f57038cb62259e8855ea5eb72ccd92e7549", "block": 24394079, "timestamp": 1770336179, "winner": "0x00000000009e50a7ddb7a7b0e2ee6604fd120e49", "gross_usd": 358150.1589646837, "stress": true, "window_gross": 5771774.233834618, "bid_usd": 154284.36312388946, "gas_usd": 8.520744778563516, "legs": [{"coll": "0x7f39c581f595b53c5cb19bd0b3f8da6c935e2ca0", "debt": "0xdac17f958d2ee523a2206206994597c13d831ec7", "route": ["wstETH", "curve", "WETH", "0xa0b86991c6218b36c1d19d4a2e9eb0ce3606eb48", "0xdac17f958d2ee523a2206206994597c13d831ec7"], "out_raw": 4188271411976, "proceeds_usd": 4179517.92472497}, {"coll": "0xc02aaa39b223fe8d0a0e5c4f27ead9083c756cc2", "debt": "0xdac17f958d2ee523a2206206994597c13d831ec7", "route": ["0xc02aaa39b223fe8d0a0e5c4f27ead9083c756cc2", "0xa0b86991c6218b36c1d19d4a2e9eb0ce3606eb48", "0xdac17f958d2ee523a2206206994597c13d831ec7"], "out_raw": 3104293773379, "proceeds_usd": 3097805.799392638}, {"coll": "0x2260fac5e5542a773aa44fbcfedf7c193bc2c599", "debt": "0xa0b86991c6218b36c1d19d4a2e9eb0ce3606eb48", "route": ["0x2260fac5e5542a773aa44fbcfedf7c193bc2c599", "0xc02aaa39b223fe8d0a0e5c4f27ead9083c756cc2", "0xa0b86991c6218b36c1d19d4a2e9eb0ce3606eb48"], "out_raw": 6716571906, "proceeds_usd": 6715.392677470463}], "proceeds_usd": 7284039.116795078, "debt_usd": 7139082.642383061, "no_route": false, "ref_proceeds_usd": 7483550.384943425, "coll_oracle_usd": 7548544.391958764, "realized_net": -9336.409456651454, "margin_pct": -0.02606842192570992, "ref_net": 190174.85869169535, "ref_margin_pct": 0.53099197063444, "price_impact": 0.026659975263847335}, "0x40a68b146c49935f9678f538f1af4cc557f82582464335b8366afcf85df80978": {"txHash": "0x40a68b146c49935f9678f538f1af4cc557f82582464335b8366afcf85df80978", "block": 23841664, "timestamp": 1763658839, "winner": "0xf6087f18b015249cce565828e81d49ced657ef36", "gross_usd": 357635.5395851657, "stress": true, "window_gross": 1428715.6494941649, "bid_usd": 131507.37205998588, "gas_usd": 16.959395120792877, "legs": [{"coll": "0x2260fac5e5542a773aa44fbcfedf7c193bc2c599", "debt": "0xdac17f958d2ee523a2206206994597c13d831ec7", "route": ["0x2260fac5e5542a773aa44fbcfedf7c193bc2c599", "0xc02aaa39b223fe8d0a0e5c4f27ead9083c756cc2", "0xa0b86991c6218b36c1d19d4a2e9eb0ce3606eb48", "0xdac17f958d2ee523a2206206994597c13d831ec7"], "out_raw": 6226065733488, "proceeds_usd": 6220132.790929245}], "proceeds_usd": 6220132.790929245, "debt_usd": 7947456.456448283, "no_route": false, "ref_proceeds_usd": 8258501.272408577, "coll_oracle_usd": 8349330.606318061, "realized_net": -1858847.996974145, "margin_pct": -5.1976042401442815, "ref_net": 179520.48450518696, "ref_margin_pct": 0.5019648906074022, "price_impact": 0.2468206293422106}, "0xd20d73bf839539b25f091fd235742986509100deb8938dc1f6bd6c2dc750404d": {"txHash": "0xd20d73bf839539b25f091fd235742986509100deb8938dc1f6bd6c2dc750404d", "block": 23727705, "timestamp": 1762280459, "winner": "0x890651b3222d5f4164347e97e75a4615ed1ea17c", "gross_usd": 247472.86682229117, "stress": true, "window_gross": 3489449.319988304, "bid_usd": 86804.55736813131, "gas_usd": 21.26576434472331, "legs": [{"coll": "0x7f39c581f595b53c5cb19bd0b3f8da6c935e2ca0", "debt": "0xa0b86991c6218b36c1d19d4a2e9eb0ce3606eb48", "route": ["wstETH", "curve", "WETH", "0xa0b86991c6218b36c1d19d4a2e9eb0ce3606eb48"], "out_raw": 4715965486705, "proceeds_usd": 4715121.423202189}], "proceeds_usd": 4715121.423202189, "debt_usd": 4582830.867079457, "no_route": false, "ref_proceeds_usd": 4823069.096723985, "coll_oracle_usd": 4860021.7274040645, "realized_net": 45464.73299025539, "margin_pct": 0.1837160314746883, "ref_net": 153412.40651205165, "ref_margin_pct": 0.6199160678985313, "price_impact": 0.022381531625810358}, "0xcd04e74fcb188d0d5840ee1ce23846caaf6f29215dfedcea52354eeb6352b875": {"txHash": "0xcd04e74fcb188d0d5840ee1ce23846caaf6f29215dfedcea52354eeb6352b875", "block": 25253092, "timestamp": 1780685603, "winner": "0xf00003bf2dcfeb166e3dee7d0e0fff197cdfcabd", "gross_usd": 246212.67098979652, "stress": true, "window_gross": 3997969.1798726954, "bid_usd": 185709.5160174768, "gas_usd": 1.659620233736129, "legs": [{"coll": "0x7f39c581f595b53c5cb19bd0b3f8da6c935e2ca0", "debt": "0xdac17f958d2ee523a2206206994597c13d831ec7", "route": ["wstETH", "curve", "WETH", "0xdac17f958d2ee523a2206206994597c13d831ec7"], "out_raw": 4519589213765, "proceeds_usd": 4514298.2210642295}], "proceeds_usd": 4514298.2210642295, "debt_usd": 4559493.907218454, "no_route": false, "ref_proceeds_usd": 4793261.384698043, "coll_oracle_usd": 4830913.307530183, "realized_net": -230906.86179193546, "margin_pct": -0.937835006068817, "ref_net": 48056.30184187772, "ref_margin_pct": 0.19518208241958943, "price_impact": 0.05819903010596761}, "0x397ce1daed90281bbf67b02ca84b022ded083e2919af424f3a54fb0007305495": {"txHash": "0x397ce1daed90281bbf67b02ca84b022ded083e2919af424f3a54fb0007305495", "block": 24535289, "timestamp": 1772038919, "winner": "0xf00001968c1d6196d3d0553030c7af8d1905dcbb", "gross_usd": 235983.3819310395, "stress": true, "window_gross": 259854.31308387162, "bid_usd": 125685.89475400498, "gas_usd": 1.4794490816295847, "legs": [{"coll": "0xdac17f958d2ee523a2206206994597c13d831ec7", "debt": "0xc02aaa39b223fe8d0a0e5c4f27ead9083c756cc2", "route": ["0xdac17f958d2ee523a2206206994597c13d831ec7", "0xa0b86991c6218b36c1d19d4a2e9eb0ce3606eb48", "0xc02aaa39b223fe8d0a0e5c4f27ead9083c756cc2"], "out_raw": 2906195896508610706284, "proceeds_usd": 5948385.486276804}], "proceeds_usd": 5948385.486276804, "debt_usd": 5783205.862876137, "no_route": false, "ref_proceeds_usd": 6016285.384025261, "coll_oracle_usd": 6062733.553063864, "realized_net": 39492.249197580124, "margin_pct": 0.16735182314287195, "ref_net": 107392.14694603739, "ref_margin_pct": 0.45508351506471834,